form	lemma	POS	morph
༄༅། །		PUNCT
ཚད་	ཚད་	NOUN
མེད་	མེད་	VERB
བཞི་	བཞི་	NUM
འི་	གི་	PART
རྒྱ་	རྒྱ་	NOUN
ཆེ་	ཆེ་	VERB
ར་	ལ་	PART
འགྲེལ་པ་	འགྲེལ་པ་	NOUN
བཞུགས་	བཞུགས་	VERB
།		PUNCT
བྱམས་པ་	བྱམས་པ་	PROPN
དང་	དང་	NO_POS
ནི་	ནི་	NO_POS
སྙིང་རྗེ་	སྙིང་རྗེ་	NOUN
དང་	དང་	NO_POS
། །		PUNCT
དགའ་བ་	དགའ་བ་	VERB
དང་	དང་	NO_POS
ནི་	ནི་	NO_POS
བཏང་སྙོམས་	བཏང་སྙོམས་	NOUN
ཏེ་	སྟེ་	PART
། །		PUNCT
དེ་དག་	དེ་དག་	OTHER
ཆེན་པོ་	ཆེན་པོ་	ADJ
ཚད་	ཚད་	NOUN
མེད་པ་	མེད་པ་	VERB
། །		PUNCT
འབད་པ་	འབད་པ་	VERB
ས་	གིས་	PART
བསྒོམ་	བསྒོམ་	VERB
ཕྱི་	ཕྱི་	OTHER
འདི་	འདི་	DET
ར་	ལ་	PART
བཤད་	བཤད་	VERB
བྱ་	བྱ་	VERB
"།
།"		PUNCT
འདི་ལྟར་	འདི་ལྟར་	NO_POS
སེམས་ཅན་	སེམས་ཅན་	NOUN
ཚད་	ཚད་	NOUN
མེད་པ་	མེད་པ་	VERB
ལ་	ལ་	PART
དམིགས་པ་	དམིགས་པ་	VERB
དང་	དང་	NO_POS
།		PUNCT
ཚོགས་	ཚོགས་	NOUN
ཚད་	ཚད་	NOUN
མེད་པ་	མེད་པ་	VERB
དང་	དང་	NO_POS
།		PUNCT
ཆོ་	ཆོ་	NOUN
ཚད་	ཚད་	NOUN
མེད་པ་	མེད་པ་	VERB
དང་	དང་	NO_POS
།		PUNCT
ཡེ་ཤེས་	ཡེ་ཤེས་	NOUN
ཚད་	ཚད་	NOUN
མེད་པ་	མེད་པ་	VERB
འོ་	གོ་	PART
། །		PUNCT
དེ་	སྟེ་	PART
ལ་	ལ་	PART
སེམས་ཅན་	སེམས་ཅན་	NOUN
ཚད་	ཚད་	NOUN
མེད་པ་	མེད་པ་	VERB
ནི་	ནི་	NO_POS
ཁམས་	ཁམས་	NOUN
གསུམ་པ་	གསུམ་པ་	NUM
འི་	གི་	PART
སེམས་ཅན་	སེམས་ཅན་	NOUN
མང་ཉུང་	མང་ཉུང་	NOUN
དེ་ཙམ་	དེ་ཙམ་	NO_POS
ཞིག་	ཅིག་	PART
ཡོད་	ཡོད་	VERB
དོ་	གོ་	PART
ཞེ་	ཅེས་	PART
དཔག་པ་	དཔག་པ་	VERB
ར་	ལ་	PART
མི་	མི་	PART
ནུས་པ་	ནུས་པ་	VERB
ས་	གིས་	PART
ན་	ལ་	PART
སེམས་ཅན་	སེམས་ཅན་	NOUN
ཚད་	ཚད་	NOUN
མེད་པ་	མེད་པ་	VERB
ཞེ་	ཅེས་	PART
བྱ་	བྱ་	VERB
སྟེ་	སྟེ་	PART
།		PUNCT
འདི་ལྟར་	འདི་ལྟར་	NO_POS
བཅོམ་ལྡན་འདས་	བཅོམ་ལྡན་འདས་	NOUN
ཀྱིས་	གིས་	PART
འཕགས་པ་	འཕགས་པ་	VERB
དེ་བཞིན་	དེ་བཞིན་	OTHER
གཤེགས་པ་	གཤེགས་པ་	VERB
འི་	གི་	PART
སྙིང་རྗེ་	སྙིང་རྗེ་	NOUN
ཆེན་པོ་	ཆེན་པོ་	ADJ
བསྟན་པ་	བསྟན་པ་	VERB
འི་	གི་	PART
མདོ་	མདོ་	NOUN
ལ་	ལ་	ADP
ས་	གིས་	PART
འདི་སྐད་	འདི་སྐད་	NO_POS
དུ་	ལ་	PART
།		PUNCT
རིགས་	རིགས་	NOUN
ཀྱི་	གི་	PART
བུ་	བུ་	NOUN
ཕྱོགས་	ཕྱོགས་	NOUN
འདི་ཉིད་	འདི་ཉིད་	OTHER
ན་	ལ་	PART
ཤིང་རྟ་	ཤིང་རྟ་	NOUN
འི་	གི་	PART
འཕང་ལོ་	འཕང་ལོ་	NOUN
ཙམ་	ཙམ་	DET
གྱི་	གི་	PART
བུག་པ་	བུག་པ་	NO_POS
ན་	ལ་	PART
གནས་པ་	གནས་པ་	VERB
ར་	ལ་	PART
གྱུར་པ་	གྱུར་པ་	VERB
འི་	གི་	PART
སེམས་ཅན་	སེམས་ཅན་	NOUN
གང་དག་	གང་དག་	NO_POS
དེ་བཞིན་	དེ་བཞིན་	OTHER
གཤེགས་པ་	གཤེགས་པ་	VERB
ས་	གིས་	PART
གཟིགས་པ་	གཟིགས་པ་	VERB
ར་	ལ་	PART
གྱུར་པ་	གྱུར་པ་	VERB
དེ་དག་	དེ་དག་	OTHER
ནི་	ནི་	NO_POS
ཆེ་	ཆེ་	VERB
མང་	མང་	VERB
གི་	གི་	PART
།		PUNCT
སྟོང་གསུམ་	སྟོང་གསུམ་	OTHER
གྱི་	གི་	PART
སྟོང་	སྟོང་	NUM
ཆེན་པོ་	ཆེན་པོ་	ADJ
འི་	གི་	PART
འཇིག་རྟེན་	འཇིག་རྟེན་	NOUN
གྱི་	གི་	PART
ཁམས་	ཁམས་	NOUN
ཀྱི་	གི་	PART
ལྷ་	ལྷ་	NOUN
དང་	དང་	NO_POS
མི་	མི་	PART
རྣམས་	རྣམས་	DET
ནི་	ནི་	NO_POS
དེ་ལྟ་	དེ་ལྟ་	NO_POS
མ་	མ་	PART
ཡིན་	ཡིན་	NO_POS
ཏེ་	སྟེ་	PART
།		PUNCT
དེ་ལྟ་	དེ་ལྟ་	NO_POS
སྣང་བ་	སྣང་བ་	VERB
ར་	ལ་	PART
མ་	མ་	PART
གྱུར་པ་	གྱུར་པ་	VERB
འི་	གི་	PART
སེམས་ཅན་	སེམས་ཅན་	NOUN
གྱི་	གི་	PART
ཁམས་	ཁམས་	NOUN
ནི་	ནི་	NO_POS
ཚད་	ཚད་	NOUN
མེད་	མེད་	VERB
དོ་	གོ་	PART
ཞེ་	ཅེས་	PART
གསུངས་	གསུངས་	VERB
ཏེ་	སྟེ་	PART
།		PUNCT
དེ་ལྟ་བས་ན་	དེ་ལྟ་བས་ན་	NO_POS
སེམས་ཅན་	སེམས་ཅན་	NOUN
གྱི་	གི་	PART
ཁམས་	ཁམས་	NOUN
ཚད་	ཚད་	NOUN
མེད་པ་	མེད་པ་	VERB
གཟུང་བ་	གཟུང་བ་	VERB
ར་	ལ་	PART
མི་	མི་	PART
ནུས་པ་	ནུས་པ་	VERB
ས་	གིས་	PART
ན་	ལ་	PART
སེམས་ཅན་	སེམས་ཅན་	NOUN
ཚད་	ཚད་	NOUN
མེད་པ་	མེད་པ་	VERB
ཞེ་	ཅེས་	PART
བྱ་	བྱ་	VERB
འོ་	གོ་	PART
"།
།"		PUNCT
ཚད་	ཚད་	NOUN
མེད་པ་	མེད་པ་	VERB
བསྒོམས་པ་	བསྒོམས་པ་	VERB
ས་	གིས་	PART
སེམས་ཅན་	སེམས་ཅན་	NOUN
ཚད་	ཚད་	NOUN
མེད་པ་	མེད་པ་	VERB
ལ་	ལ་	PART
ཅི་	ཅི་	NO_POS
ལྟ་	ལྟ་	OTHER
དམིགས་པ་	དམིགས་པ་	VERB
ར་	ལ་	PART
བྱ་	བྱ་	VERB
ཞིང་	ཅིང་	PART
བསྒོམ་	བསྒོམ་	VERB
ཞེ་ན་	ཅེ་ན་	PART
།		PUNCT
འདི་ལྟར་	འདི་ལྟར་	NO_POS
ཁམས་	ཁམས་	NOUN
གསུམ་པ་	གསུམ་པ་	NUM
འི་	གི་	PART
སེམས་ཅན་	སེམས་ཅན་	NOUN
ཐམས་ཅད་	ཐམས་ཅད་	DET
ཐོག་མ་	ཐོག་མ་	NOUN
མེད་པ་	མེད་པ་	VERB
འི་	གི་	PART
དུས་	དུས་	NOUN
ན་	ནས་	PART
།		PUNCT
སོ་སོ་	སོ་སོ་	PRON
འི་	གི་	PART
ལ་	ལ་	ADP
ས་	གིས་	PART
ཀྱི་	གི་	PART
དབང་	དབང་	NOUN
གིས་	གིས་	PART
གནས་	གནས་	NOUN
མཐོ་དམན་	མཐོ་དམན་	NOUN
དུ་	ལ་	PART
འཁོར་བ་	འཁོར་བ་	NOUN
འདི་དག་	འདི་དག་	NO_POS
བདག་	བདག་	PRON
དང་	དང་	NO_POS
ལན་	ལན་	NOUN
བརྒྱ་	བརྒྱ་	NUM
སྟོང་	སྟོང་	NUM
དུ་མ་	དུ་མ་	ADJ
ར་	ལ་	PART
གཉེན་	གཉེན་	NOUN
དུ་མ་	དུ་མ་	ADJ
གྱུར་པ་	གྱུར་པ་	VERB
མེད་	མེད་	VERB
དེ་	སྟེ་	PART
།		PUNCT
འདི་	འདི་	DET
ནི་	ནི་	NO_POS
བདག་	བདག་	PRON
གི་	གི་	PART
གཉེན་	གཉེན་	NOUN
ཡིན་	ཡིན་	NO_POS
ནོ་	གོ་	PART
སྙམ་	སྙམ་	VERB
ན་	ནས་	PART
།		PUNCT
སེམས་ཅན་	སེམས་ཅན་	NOUN
ཐམས་ཅད་	ཐམས་ཅད་	DET
ལ་ཚད་	ལ་ཚད་	NO_POS
མེད་པ་	མེད་པ་	VERB
བཞི་པོ་	བཞི་པོ་	NUM
ས་	གིས་	PART
བཏང་སྙོམས་	བཏང་སྙོམས་	NOUN
སུ་	ལ་	PART
གནས་པ་	གནས་པ་	VERB
འདི་	འདི་	DET
ནི་	ནི་	NO_POS
སེམས་ཅན་	སེམས་ཅན་	NOUN
ཚད་	ཚད་	NOUN
མེད་པ་	མེད་པ་	VERB
ལ་	ལ་	PART
དམིགས་པ་	དམིགས་པ་	VERB
ཞེ་	ཅེས་	PART
བྱ་བ་	བྱ་བ་	VERB
འི་	གི་	PART
ཐ་ཚིག་	ཐ་ཚིག་	NOUN
གོ་	གོ་	PART
།		PUNCT
དེ་	སྟེ་	PART
ལ་	ལ་	PART
ཚོགས་	ཚོགས་	NOUN
ཚད་	ཚད་	NOUN
མེད་པ་	མེད་པ་	VERB
ནི་	ནི་	NO_POS
།		PUNCT
བསོད་ནམས་	བསོད་ནམས་	NOUN
དང་	དང་	NO_POS
ཡེ་ཤེས་	ཡེ་ཤེས་	NOUN
ཀྱི་	གི་	PART
ཚོགས་	ཚོགས་	NOUN
ཚད་	ཚད་	NOUN
མེད་པ་	མེད་པ་	VERB
སྟེ་	སྟེ་	PART
།		PUNCT
རྒྱུ་	རྒྱུ་	NOUN
ར་	ལ་	PART
གྱུར་པ་	གྱུར་པ་	VERB
ནི་	ནི་	NO_POS
ཆོ་	ཆོ་	NOUN
བཞི་པོ་	བཞི་པོ་	NUM
ཡིན་	ཡིན་	NO_POS
ལ་	ལ་	PART
དེ་	སྟེ་	PART
ནི་	ནི་	NO_POS
བསོད་ནམས་	བསོད་ནམས་	NOUN
དང་	དང་	NO_POS
ཡེ་ཤེས་	ཡེ་ཤེས་	NOUN
ཀྱི་	གི་	PART
ཚོགས་	ཚོགས་	NOUN
ཚད་	ཚད་	NOUN
མེད་པ་	མེད་པ་	VERB
རྣམ་པ་	རྣམ་པ་	NOUN
གཉིས་	གཉིས་	NUM
བསྐྱེད་པ་	བསྐྱེད་པ་	VERB
འི་	གི་	PART
རྒྱུ་	རྒྱུ་	NOUN
འམ་	གམ་	PART
ངོ་བོ་	ངོ་བོ་	NOUN
ཡིན་	ཡིན་	NO_POS
ཏེ་	སྟེ་	PART
།		PUNCT
འདི་ལྟར་	འདི་ལྟར་	NO_POS
བཅོམ་ལྡན་འདས་	བཅོམ་ལྡན་འདས་	NOUN
ཀྱིས་	གིས་	PART
ཀྱང་	ཀྱང་	PART
མདོ་	མདོ་	NOUN
དག་	དག་	DET
ལ་	ལ་	ADP
ས་	གིས་	PART
གསུངས་པ་	གསུངས་པ་	VERB
།		PUNCT
རིགས་	རིགས་	NOUN
ཀྱི་	གི་	PART
བུ་	བུ་	NOUN
བྱམས་པ་	བྱམས་པ་	PROPN
འི་	གི་	PART
ཏིང་ངེ་འཛིན་	ཏིང་ངེ་འཛིན་	NOUN
བསྒོམ་པ་	བསྒོམ་པ་	VERB
སྟན་	སྟན་	NOUN
ལས་མ་	ལས་མ་	NO_POS
ལངས་པ་	ལངས་པ་	VERB
ལ་	ལ་	PART
ཡོན་	ཡོན་	NOUN
འབུལ་བ་	འབུལ་བ་	VERB
ར་	ལ་	PART
བྱེད་པ་	བྱེད་པ་	VERB
ནི་	ནི་	NO_POS
བསོད་ནམས་	བསོད་ནམས་	NOUN
དཔག་	དཔག་	VERB
ཏུ་	ལ་	PART
མེད་པ་	མེད་པ་	VERB
བསྐྱེད་པ་	བསྐྱེད་པ་	VERB
ར་	ལ་	PART
འགྱུར་	འགྱུར་	VERB
རོ་	རོ་	NOUN
ཞེ་	ཅེས་	PART
གསུངས་པ་	གསུངས་པ་	VERB
ལྟ་བུ་	ལྟ་བུ་	NOUN
སྟེ་	སྟེ་	PART
།		PUNCT
འདི་ལྟར་	འདི་ལྟར་	NO_POS
བྱམས་པ་	བྱམས་པ་	PROPN
ལ་སོགས་པ་	ལ་སོགས་པ་	NO_POS
ཚད་	ཚད་	NOUN
མེད་པ་	མེད་པ་	VERB
བསྒོམ་པ་	བསྒོམ་པ་	VERB
འི་	གི་	PART
མི་ལ་	མི་ལ་	PROPN
ཡོན་	ཡོན་	NOUN
ཕུལ་བ་	ཕུལ་བ་	VERB
ས་	གིས་	PART
ཀྱང་	ཀྱང་	PART
བསོད་ནམས་	བསོད་ནམས་	NOUN
མང་པོ་	མང་པོ་	ADJ
འཐོབ་	འཐོབ་	VERB
ན་	ལ་	PART
གང་	གང་	NO_POS
ཚད་	ཚད་	NOUN
མེད་པ་	མེད་པ་	VERB
རྣམས་	རྣམས་	DET
སུ་	ལ་	PART
དངོ་	དངོ་	NOUN
སུ་	ལ་	PART
ཉམས་	ཉམས་	NOUN
སུ་	ལ་	PART
བླངས་	བླངས་	VERB
ཏེ་	སྟེ་	PART
བསྒོམས་པ་	བསྒོམས་པ་	VERB
ལྟ་	ལྟ་	NOUN
སྨོས་	སྨོས་	VERB
ཀྱང་	ཀྱང་	PART
ཅི་	ཅི་	NO_POS
དགོས་	དགོས་	VERB
ཏེ་	སྟེ་	PART
།		PUNCT
བསོད་ནམས་	བསོད་ནམས་	NOUN
ཀྱི་	གི་	PART
ཕུང་པོ་	ཕུང་པོ་	NOUN
གོང་མ་	གོང་མ་	ADJ
བ་	བ་	ADP
ཆེ་	ཆེ་	VERB
མང་	མང་	VERB
དུ་	ལ་	PART
བསྐྱེད་	བསྐྱེད་	VERB
དོ་	གོ་	PART
། །		PUNCT
དེ་ལྟ་	དེ་ལྟ་	NO_POS
བསོད་ནམས་	བསོད་ནམས་	NOUN
དང་	དང་	NO_POS
ཡེ་ཤེས་	ཡེ་ཤེས་	NOUN
ཀྱི་	གི་	PART
ཚོགས་	ཚོགས་	NOUN
ཚད་	ཚད་	NOUN
མེད་	མེད་	VERB
སྐྱེས་པ་	སྐྱེས་པ་	VERB
དང་	དང་	NO_POS
།		PUNCT
རྒྱུ་	རྒྱུ་	NOUN
དེ་ལས་	དེ་ལས་	NO_POS
ཆོ་	ཆོ་	NOUN
ཀྱི་	གི་	PART
ཚོགས་	ཚོགས་	NOUN
ཚད་	ཚད་	NOUN
མེད་པ་	མེད་པ་	VERB
བསྐྱེད་	བསྐྱེད་	VERB
ལ་	ལ་	PART
།		PUNCT
རྒྱུ་	རྒྱུ་	NOUN
དེ་ལས་	དེ་ལས་	NO_POS
ཡེ་ཤེས་	ཡེ་ཤེས་	NOUN
ཀྱི་	གི་	PART
ཚོགས་	ཚོགས་	NOUN
ཚད་	ཚད་	NOUN
མེད་པ་	མེད་པ་	VERB
བསྐྱེད་པ་	བསྐྱེད་པ་	VERB
འོ་	གོ་	PART
།།		PUNCT
ཆོ་	ཆོ་	NOUN
ཚད་	ཚད་	NOUN
མེད་པ་	མེད་པ་	VERB
ནི་	ནི་	NO_POS
སངས་རྒྱས་	སངས་རྒྱས་	NOUN
ཀྱི་	གི་	PART
ཆེ་བ་	ཆེ་བ་	VERB
འི་	གི་	PART
ཡོན་ཏན་	ཡོན་ཏན་	NOUN
སྟོབས་	སྟོབས་	NOUN
དང་	དང་	NO_POS
མི་	མི་	PART
འཇིགས་པ་	འཇིགས་པ་	VERB
ལ་སོགས་པ་	ལ་སོགས་པ་	NO_POS
སྟེ་	སྟེ་	PART
།		PUNCT
དེ་	སྟེ་	PART
འཐོབ་པ་	འཐོབ་པ་	VERB
འི་	གི་	PART
རྒྱུ་	རྒྱུ་	NOUN
ར་	ལ་	PART
འགྱུར་བ་	འགྱུར་བ་	VERB
ནི་	ནི་	NO_POS
ཆོ་	ཆོ་	NOUN
བཞི་པོ་	བཞི་པོ་	NUM
ལ་	ལ་	PART
གནས་པ་	གནས་པ་	VERB
འི་	གི་	PART
སྒོ་	སྒོ་	NOUN
ནས་བསོད་	ནས་བསོད་	NO_POS
ནམས་		NON_WORD
དང་	དང་	NO_POS
ཡེ་ཤེས་	ཡེ་ཤེས་	NOUN
ཀྱི་	གི་	PART
ཚོགས་	ཚོགས་	NOUN
སྐྱེས་པ་	སྐྱེས་པ་	VERB
འི་	གི་	PART
རྒྱུ་	རྒྱུ་	NOUN
སངས་རྒྱས་	སངས་རྒྱས་	NOUN
ཀྱི་	གི་	PART
ཆེ་བ་	ཆེ་བ་	VERB
འི་	གི་	PART
ཡོན་ཏན་	ཡོན་ཏན་	NOUN
རྣམས་	རྣམས་	DET
སྐྱེ་	སྐྱེ་	NOUN
ཞིང་	ཅིང་	PART
འགྲུབ་པ་	འགྲུབ་པ་	VERB
ར་	ལ་	PART
འགྱུར་བ་	འགྱུར་བ་	VERB
ས་	གིས་	PART
ན་	ལ་	PART
ཚད་	ཚད་	NOUN
མེད་པ་	མེད་པ་	VERB
བཞི་	བཞི་	NUM
ལ་	ལ་	PART
ནན་	ནན་	NOUN
དུ་	ལ་	PART
བྱ་	བྱ་	VERB
འོ་	གོ་	PART
"།
།"		PUNCT
ཆོ་	ཆོ་	NOUN
བཞི་པོ་	བཞི་པོ་	NUM
དེ་	སྟེ་	PART
རྣམས་	རྣམས་	DET
དེ་བཞིན་	དེ་བཞིན་	OTHER
གཤེགས་པ་	གཤེགས་པ་	VERB
འི་	གི་	PART
ཡེ་ཤེས་	ཡེ་ཤེས་	NOUN
ཚད་	ཚད་	NOUN
མེད་པ་	མེད་པ་	VERB
འི་	གི་	PART
དམིགས་པ་	དམིགས་པ་	VERB
འི་	གི་	PART
ཡུལ་	ཡུལ་	NOUN
དུ་	ལ་	PART
གྱུར་པ་	གྱུར་པ་	VERB
འམ་	གམ་	PART
།		PUNCT
ཡེ་ཤེས་	ཡེ་ཤེས་	NOUN
ཉིད་	ཉིད་	DET
བྱམས་པ་	བྱམས་པ་	PROPN
ལ་སོགས་	ལ་སོགས་	NO_POS
ཆོ་	ཆོ་	NOUN
བཞི་པོ་	བཞི་པོ་	NUM
དེ་དག་	དེ་དག་	OTHER
གི་	གི་	PART
ངང་	ངང་	NOUN
དུ་	ལ་	PART
འམ་	གམ་	PART
ངོ་བོ་	ངོ་བོ་	NOUN
ར་	ལ་	PART
གནས་	གནས་	NOUN
ཏེ་	སྟེ་	PART
།		PUNCT
ཤེས་བྱ་	ཤེས་བྱ་	VERB
དང་	དང་	NO_POS
ཤེས་པ་	ཤེས་པ་	VERB
ཐ་	ཐ་	NOUN
མི་	མི་	PART
དད་པ་	དད་པ་	VERB
འི་	གི་	PART
སྤྱོད་ཡུལ་	སྤྱོད་ཡུལ་	NOUN
དུ་	ལ་	PART
འམ་	གམ་	PART
།		PUNCT
ངོ་བོ་	ངོ་བོ་	NOUN
ར་	ལ་	PART
གྱུར་པ་	གྱུར་པ་	VERB
འོ་	གོ་	PART
ཞེ་	ཅེས་	PART
བྱ་བ་	བྱ་བ་	VERB
འི་	གི་	PART
ཐ་ཚིག་	ཐ་ཚིག་	NOUN
གོ་	གོ་	PART
།		PUNCT
དེ་	སྟེ་	PART
ལ་	ལ་	PART
བྱམས་པ་	བྱམས་པ་	PROPN
ནི་	ནི་	NO_POS
མོས་པ་	མོས་པ་	VERB
ས་	གིས་	PART
སྤྱོད་པ་	སྤྱོད་པ་	VERB
འི་	གི་	PART
ས་	ས་	ADP
ནི་	ནི་	NO_POS
ངེས་པ་		
འབྱེད་པ་	འབྱེད་པ་	VERB
འི་	གི་	PART
ཆ་	ཆ་	NOUN
བཞི་པོ་	བཞི་པོ་	NUM
སྣང་བ་	སྣང་བ་	VERB
ཐོབ་པ་	ཐོབ་པ་	VERB
དང་	དང་	NO_POS
སྣང་བ་	སྣང་བ་	VERB
མཆེད་པ་	མཆེད་པ་	VERB
དང་	དང་	NO_POS
།		PUNCT
དེ་	སྟེ་	PART
ཁོ་ན་ཉིད་	ཁོ་ན་ཉིད་	NO_POS
ཀྱི་	གི་	PART
དོན་	དོན་	NOUN
ལ་	ལ་	PART
ཕྱོགས་	ཕྱོགས་	NOUN
གཅིག་པ་	གཅིག་པ་	ADJ
རྗེས་སུ་	རྗེས་སུ་	OTHER
ཞུགས་པ་	ཞུགས་པ་	VERB
དང་	དང་	NO_POS
།		PUNCT
བར་ཆད་	བར་ཆད་	NOUN
མེད་པ་	མེད་པ་	VERB
འི་	གི་	PART
ཏིང་ངེ་འཛིན་	ཏིང་ངེ་འཛིན་	NOUN
ཞེ་	ཅེས་	PART
བྱ་བ་	བྱ་བ་	VERB
ངེས་པ་		
འབྱེད་པ་	འབྱེད་པ་	VERB
འི་	གི་	PART
ཆ་	ཆ་	NOUN
བཞི་	བཞི་	NUM
ལ་	ལ་	PART
གནས་པ་	གནས་པ་	VERB
འི་	གི་	PART
བྱང་ཆུབ་	བྱང་ཆུབ་	NOUN
སེམས་དཔའ་	སེམས་དཔའ་	NOUN
སྟེ་	སྟེ་	PART
།		PUNCT
འདི་ལྟར་	འདི་ལྟར་	NO_POS
ངེས་པ་		
འབྱེད་པ་	འབྱེད་པ་	VERB
འི་	གི་	PART
ཆ་	ཆ་	NOUN
བཞི་	བཞི་	NUM
ལ་	ལ་	PART
གནས་པ་	གནས་པ་	VERB
འི་	གི་	PART
བྱང་ཆུབ་	བྱང་ཆུབ་	NOUN
སེམས་དཔ་	སེམས་དཔའ་	NOUN
འི་	གི་	PART
མངོན་པ་	མངོན་པ་	OTHER
ཤེས་པ་	ཤེས་པ་	VERB
འི་	གི་	PART
དབང་པོ་	དབང་པོ་	NOUN
འི་	གི་	PART
སྤྱོད་ཡུལ་	སྤྱོད་ཡུལ་	NOUN
དུ་	ལ་	PART
ནི་	ནི་	NO_POS
ལྷ་	ལྷ་	NOUN
དང་	དང་	NO_POS
མི་	མི་	PART
དང་	དང་	NO_POS
ཡི་དྭགས་	ཡི་དྭགས་	NOUN
ལ་སོགས་པ་	ལ་སོགས་པ་	NO_POS
དང་སེམས་	དང་སེམས་	NO_POS
ཅན་	ཅན་	PART
དམྱལ་བ་	དམྱལ་བ་	NOUN
འི་	གི་	PART
གནས་	གནས་	NOUN
རྣམས་	རྣམས་	DET
མངོན་སུམ་	མངོན་སུམ་	NOUN
དུ་	ལ་	PART
གྱུར་	གྱུར་	VERB
ཏེ་	སྟེ་	PART
།		PUNCT
ལྷ་	ལྷ་	NOUN
དང་	དང་	NO_POS
མི་ལ་	མི་ལ་	PROPN
སོགས་པ་	སོགས་པ་	DET
དང་	དང་	NO_POS
ངན་སོང་	ངན་སོང་	NOUN
གི་	གི་	PART
གནས་	གནས་	NOUN
དེ་དག་	དེ་དག་	OTHER
ན་	ལ་	PART
སྡུག་བསྔལ་བ་	སྡུག་བསྔལ་བ་	NOUN
འི་	གི་	PART
རང་བཞིན་	རང་བཞིན་	NOUN
ཅན་	ཅན་	PART
གྱི་	གི་	PART
སེམས་ཅན་	སེམས་ཅན་	NOUN
རྣམས་	རྣམས་	DET
མཐོང་	མཐོང་	VERB
ན་	ནས་	PART
ལྷག་པ་		
སྙིང་རྗེ་	སྙིང་རྗེ་	NOUN
ཆེན་པོ་	ཆེན་པོ་	ADJ
སྐྱེ་	སྐྱེ་	NOUN
ཞིང་	ཅིང་	PART
སེམས་ཅན་	སེམས་ཅན་	NOUN
དེ་དག་	དེ་དག་	OTHER
ཐོག་མ་	ཐོག་མ་	NOUN
མེད་པ་	མེད་པ་	VERB
ན་	ནས་	PART
འཁོར་བ་	འཁོར་བ་	NOUN
ར་	ལ་	PART
འཁོར་བ་	འཁོར་བ་	NOUN
ན་	ལ་	PART
།		PUNCT
བདག་	བདག་	PRON
གི་	གི་	PART
གཉེན་	གཉེན་	NOUN
དུ་མ་	དུ་མ་	ADJ
གྱུར་པ་	གྱུར་པ་	VERB
མེད་པ་	མེད་པ་	VERB
ར་	ལ་	PART
ཁོང་	ཁོང་	PRON
དུ་	ལ་	PART
ཆུད་	ཆུད་	VERB
ན་	ནས་	PART
སེམས་ཅན་	སེམས་ཅན་	NOUN
དེ་དག་	དེ་དག་	OTHER
ཐམས་ཅད་	ཐམས་ཅད་	DET
ལ་	ལ་	PART
བུ་	བུ་	NOUN
གཅིག་པ་	གཅིག་པ་	ADJ
དང་	དང་	NO_POS
འདྲ་བ་	འདྲ་བ་	VERB
ར་	ལ་	PART
སེམས་པ་	སེམས་པ་	VERB
འི་	གི་	PART
བྱམས་པ་	བྱམས་པ་	PROPN
ཆེན་པོ་	ཆེན་པོ་	ADJ
འི་	གི་	PART
སེམས་བསྐྱེད་པ་	སེམས་བསྐྱེད་པ་	NOUN
འི་	གི་	PART
སྒོ་	སྒོ་	NOUN
ན་	ནས་	PART
སེམས་ཅན་	སེམས་ཅན་	NOUN
ཐམས་ཅད་	ཐམས་ཅད་	DET
སྡུག་བསྔལ་	སྡུག་བསྔལ་	NOUN
ལ་	ལ་	ADP
ས་	གིས་	PART
ཐ་	ཐ་	VERB
ཏེ་	སྟེ་	PART
བདེ་བ་	བདེ་བ་	VERB
ལ་	ལ་	PART
གནས་པ་	གནས་པ་	VERB
ར་	ལ་	PART
གྱུར་ཅིག་	གྱུར་ཅིག་	NO_POS
ཅེས་	ཅེས་	PART
སྨོན་ལམ་	སྨོན་ལམ་	NOUN
འདེབས་	འདེབས་	VERB
ཤིང་	ཅིང་	PART
།		PUNCT
སེམས་ཅན་	སེམས་ཅན་	NOUN
ཐམས་ཅད་	ཐམས་ཅད་	DET
ལ་	ལ་	PART
ཕན་	ཕན་	NOUN
འདོགས་པ་	འདོགས་པ་	VERB
ར་	ལ་	PART
བྱེད་པ་	བྱེད་པ་	VERB
ནི་	ནི་	NO_POS
སེམས་ཅན་	སེམས་ཅན་	NOUN
ལ་	ལ་	PART
དམིགས་པ་	དམིགས་པ་	VERB
འི་	གི་	PART
བྱམས་པ་	བྱམས་པ་	PROPN
ཞེ་	ཅེས་	PART
བྱ་བ་	བྱ་བ་	VERB
འི་	གི་	PART
ཐ་ཚིག་	ཐ་ཚིག་	NOUN
གོ་	གོ་	PART
།		PUNCT
བྱང་ཆུབ་	བྱང་ཆུབ་	NOUN
སེམས་དཔའ་	སེམས་དཔའ་	NOUN
ས་	ས་	ADP
དང་པོ་	དང་པོ་	ADJ
བརྙེས་པ་	བརྙེས་པ་	VERB
ན་	ནས་	PART
བདུན་པ་	བདུན་པ་	NUM
འི་	གི་	PART
བ་	བ་	NOUN
གྱི་	གི་	PART
བྱང་ཆུབ་	བྱང་ཆུབ་	NOUN
སེམས་དཔའ་	སེམས་དཔའ་	NOUN
རྣམས་	རྣམས་	DET
ནི་	ནི་	NO_POS
ཆོ་	ཆོ་	NOUN
ཀྱི་	གི་	PART
དེ་	སྟེ་	PART
ཁོ་ཉིད་	ཁོ་ཉིད་	NO_POS
མངོན་སུམ་	མངོན་སུམ་	NOUN
དུ་	ལ་	PART
རྟོགས་པ་	རྟོགས་པ་	VERB
འི་	གི་	PART
སྒོ་	སྒོ་	NOUN
ན་	ནས་	PART
སེམས་ཅན་	སེམས་ཅན་	NOUN
ལ་	ལ་	PART
བྱམས་པ་	བྱམས་པ་	PROPN
སྐྱེ་	སྐྱེ་	NOUN
སྟེ་	སྟེ་	PART
།		PUNCT
དེ་ཡང་	དེ་ཡང་	ADV
འདི་ལྟར་	འདི་ལྟར་	NO_POS
ཆོ་	ཆོ་	NOUN
ཐམས་ཅད་	ཐམས་ཅད་	DET
རང་བཞིན་	རང་བཞིན་	NOUN
ཉིད་	ཉིད་	DET
མེད་པ་	མེད་པ་	VERB
ཡིན་	ཡིན་	NO_POS
ན་	ལ་	PART
།		PUNCT
སེམས་ཅན་	སེམས་ཅན་	NOUN
རྣམས་	རྣམས་	DET
ཀྱིས་	གིས་	PART
དེ་ལྟ་	དེ་ལྟ་	NO_POS
མ་	མ་	PART
ཤེ་	ཤེ་	VERB
ཏེ་	སྟེ་	PART
དངོས་པོ་	དངོས་པོ་	NOUN
ལ་	ལ་	PART
མངོན་པ་	མངོན་པ་	OTHER
ཞེན་པ་	ཞེན་པ་	VERB
ས་	གིས་	PART
ཁམས་	ཁམས་	NOUN
གསུམ་	གསུམ་	NUM
དུ་	ལ་	PART
འཁོར་བ་	འཁོར་བ་	NOUN
ར་	ལ་	PART
གྱུར་པ་	གྱུར་པ་	VERB
རེ་	རེ་	DET
སྡུག་པ་	སྡུག་པ་	VERB
དེ་དག་	དེ་དག་	OTHER
ལ་	ལ་	PART
བྱམས་པ་	བྱམས་པ་	PROPN
འི་	གི་	PART
སེམས་	སེམས་	NOUN
སྐྱེ་	སྐྱེ་	NOUN
ཞིང་	ཅིང་	PART
འདི་དག་	འདི་དག་	NO_POS
གི་	གི་	PART
ཆོས་ཉིད་	ཆོས་ཉིད་	NOUN
རྟོགས་པ་	རྟོགས་པ་	VERB
ར་	ལ་	PART
ཤོག་	ཤོག་	VERB
ཅེས་	ཅེས་	PART
སྨོན་ལམ་	སྨོན་ལམ་	NOUN
འདེབས་	འདེབས་	VERB
ཤིང་	ཅིང་	PART
།		PUNCT
སེམས་ཅན་	སེམས་ཅན་	NOUN
ཐམས་ཅད་	ཐམས་ཅད་	DET
ལ་	ལ་	PART
ཆོ་	ཆོ་	NOUN
ཀྱི་	གི་	PART
ཕན་	ཕན་	NOUN
འདོགས་པ་	འདོགས་པ་	VERB
བྱེད་པ་	བྱེད་པ་	VERB
ནི་	ནི་	NO_POS
ཆོ་	ཆོ་	NOUN
ལ་	ལ་	PART
དམིགས་པ་	དམིགས་པ་	VERB
འི་	གི་	PART
བྱམས་པ་	བྱམས་པ་	PROPN
ཞེ་	ཅེས་	PART
བྱ་བ་	བྱ་བ་	VERB
འི་	གི་	PART
ཐ་ཚིག་	ཐ་ཚིག་	NOUN
གོ་	གོ་	PART
།		PUNCT
བྱང་ཆུབ་	བྱང་ཆུབ་	NOUN
སེམས་དཔའ་	སེམས་དཔའ་	NOUN
ས་	ས་	ADP
བརྒྱད་པ་	བརྒྱད་པ་	NUM
བརྙེས་པ་	བརྙེས་པ་	VERB
ཡན་ཆད་	ཡན་ཆད་	ADV
ན་	ནས་	PART
སངས་རྒྱས་	སངས་རྒྱས་	NOUN
ཀྱི་	གི་	PART
ས་	ས་	ADP
བརྙེས་པ་	བརྙེས་པ་	VERB
མན་ཆད་	མན་ཆད་	ADV
ནི་	ནི་	NO_POS
ལྷུན་	ལྷུན་	NOUN
གྱིས་	གིས་	PART
གྲུབ་པ་	གྲུབ་པ་	VERB
འི་	གི་	PART
ས་དམིགས་པ་	ས་དམིགས་པ་	NO_POS
མེད་པ་	མེད་པ་	VERB
ཞེ་	ཅེས་	PART
བྱ་བ་	བྱ་བ་	VERB
སྟེ་	སྟེ་	PART
།		PUNCT
ས་	ས་	ADP
བརྒྱད་པ་	བརྒྱད་པ་	NUM
ཡན་ཆད་	ཡན་ཆད་	ADV
ན་	ལ་	PART
རྟོག་པ་	རྟོག་པ་	VERB
མེད་པ་	མེད་པ་	VERB
ལྷུན་	ལྷུན་	NOUN
གྱིས་	གིས་	PART
གྲུབ་པ་	གྲུབ་པ་	VERB
འི་	གི་	PART
ཚུལ་	ཚུལ་	NOUN
གྱིས་	གིས་	PART
སེམས་ཅན་	སེམས་ཅན་	NOUN
ལ་	ལ་	PART
བྱམས་པ་	བྱམས་པ་	PROPN
སྐྱེ་	སྐྱེ་	NOUN
ཞིང་	ཅིང་	PART
ཕན་	ཕན་	NOUN
འདོགས་པ་	འདོགས་པ་	VERB
ར་	ལ་	PART
མཛད་	མཛད་	VERB
དེ་	སྟེ་	PART
།		PUNCT
དཔེར་ན་	དཔེར་ན་	NO_POS
ཡིད་བཞིན་	ཡིད་བཞིན་	OTHER
གྱི་	གི་	PART
ནོར་བུ་	ནོར་བུ་	NOUN
རིན་པོ་ཆེ་	རིན་པོ་ཆེ་	ADJ
དང་	དང་	NO_POS
དཔག་བསམ་	དཔག་བསམ་	OTHER
གྱི་	གི་	PART
ཤིང་	ཅིང་	PART
བཞིན་	བཞིན་	NOUN
དུ་	ལ་	PART
སེམས་ཅན་	སེམས་ཅན་	NOUN
ལ་	ལ་	PART
ཕན་	ཕན་	NOUN
འདོགས་	འདོགས་	VERB
ཏེ་	སྟེ་	PART
།		PUNCT
དེ་ཡང་	དེ་ཡང་	ADV
རྟོག་	རྟོག་	VERB
མི་	མི་	PART
མངའ་	མངའ་	VERB
བཞིན་	བཞིན་	NOUN
དུ་	ལ་	PART
སྔོན་	སྔོན་	ADV
གྱི་	གི་	PART
སྨོན་ལམ་	སྨོན་ལམ་	NOUN
གྱི་	གི་	PART
དབང་	དབང་	NOUN
གིས་	གིས་	PART
སེམས་ཅན་	སེམས་ཅན་	NOUN
ལ་	ལ་	PART
བྱམས་པ་	བྱམས་པ་	PROPN
ཆེན་པོ་	ཆེན་པོ་	ADJ
ཡང་	ཀྱང་	PART
ལྷུན་	ལྷུན་	NOUN
གྱིས་	གིས་	PART
གྲུབ་པ་	གྲུབ་པ་	VERB
ར་	ལ་	PART
འབྱུང་	འབྱུང་	VERB
ཞིང་	ཅིང་	PART
སེམས་ཅན་	སེམས་ཅན་	NOUN
གྱི་	གི་	PART
དོན་	དོན་	NOUN
མཛད་པ་	མཛད་པ་	VERB
དེ་	སྟེ་	PART
ནི་	ནི་	NO_POS
དམིགས་པ་	དམིགས་པ་	VERB
མེད་པ་	མེད་པ་	VERB
འི་	གི་	PART
བྱམས་པ་	བྱམས་པ་	PROPN
ཞེ་	ཅེས་	PART
བྱ་བ་	བྱ་བ་	VERB
འི་	གི་	PART
ཐ་ཚིག་	ཐ་ཚིག་	NOUN
གོ་	གོ་	PART
།		PUNCT
འོ་ན་	འོ་ན་	NO_POS
སོ་སོ་	སོ་སོ་	PRON
འི་	གི་	PART
སྐྱེ་བོ་	སྐྱེ་བོ་	NOUN
ལ་	ལ་	ADP
ས་	གིས་	PART
དང་པོ་པ་	དང་པོ་པ་	ADJ
ས་	གིས་	PART
སེམས་ཅན་	སེམས་ཅན་	NOUN
ལ་	ལ་	PART
དམིགས་པ་	དམིགས་པ་	VERB
འི་	གི་	PART
བྱམས་པ་	བྱམས་པ་	PROPN
ཇི་ལྟ་		
བསྒོམ་	བསྒོམ་	VERB
ཞེ་ན་	ཅེ་ན་	PART
།		PUNCT
འདི་ལྟར་	འདི་ལྟར་	NO_POS
སོ་སོ་	སོ་སོ་	PRON
འི་	གི་	PART
སྐྱེ་བོ་	སྐྱེ་བོ་	NOUN
ལ་	ལ་	ADP
ས་	གིས་	PART
དང་པོ་པ་	དང་པོ་པ་	ADJ
ས་	གིས་	PART
སེམས་ཅན་	སེམས་ཅན་	NOUN
ལ་	ལ་	PART
དམིགས་པ་	དམིགས་པ་	VERB
འི་	གི་	PART
བྱམས་པ་	བྱམས་པ་	PROPN
འི་	གི་	PART
བསྒོམ་	བསྒོམ་	VERB
རིམ་	རིམ་	NOUN
འདི་ལྟར་	འདི་ལྟར་	NO_POS
བྱ་	བྱ་	VERB
སྟེ་	སྟེ་	PART
།		PUNCT
སེམས་ཅན་	སེམས་ཅན་	NOUN
སྙིང་	སྙིང་	NOUN
དུ་	ལ་	PART
སྡུག་པ་	སྡུག་པ་	VERB
དང་	དང་	NO_POS
།		PUNCT
ཐ་མལ་པ་	ཐ་མལ་པ་	ADJ
དང་	དང་	NO_POS
།		PUNCT
སྙིང་	སྙིང་	NOUN
དུ་	ལ་	PART
མི་	མི་	PART
སྡུག་པ་	སྡུག་པ་	VERB
ཡིན་པ་	ཡིན་པ་	AUX
འི་	གི་	PART
རྣམ་པ་	རྣམ་པ་	NOUN
འདི་	འདི་	DET
གསུམ་	གསུམ་	NUM
ཡོད་པ་	ཡོད་པ་	VERB
ལ་	ལ་	ADP
ས་	གིས་	PART
།		PUNCT
སེམས་ཅན་	སེམས་ཅན་	NOUN
སྙིང་	སྙིང་	NOUN
དུ་	ལ་	PART
སྡུག་པ་	སྡུག་པ་	VERB
ལ་	ལ་	PART
ཡང་	ཀྱང་	PART
གསུམ་	གསུམ་	NUM
དུ་	ལ་	PART
དབྱེ་	དབྱེ་	VERB
སྟེ་	སྟེ་	PART
།		PUNCT
རབ་	རབ་	ADV
འབྲིང་	འབྲིང་	NOUN
ཐ་མ་	ཐ་མ་	ADJ
གསུམ་	གསུམ་	NUM
དུའོ་		NON_WORD
"།
།"		PUNCT
སེམས་ཅན་	སེམས་ཅན་	NOUN
ཐ་མལ་པ་	ཐ་མལ་པ་	ADJ
དང་	དང་	NO_POS
།		PUNCT
མི་	མི་	PART
སྡུག་པ་	སྡུག་པ་	VERB
ལ་	ལ་	PART
ཡང་	ཀྱང་	PART
གསུམ་	གསུམ་	NUM
དུ་	ལ་	PART
དབྱེ་	དབྱེ་	VERB
སྟེ་	སྟེ་	PART
།		PUNCT
རབ་	རབ་	ADV
འབྲིང་	འབྲིང་	NOUN
ཐ་མ་	ཐ་མ་	ADJ
སྟེ་	སྟེ་	PART
།		PUNCT
དགུ་	དགུ་	NUM
རུ་	ལ་	PART
དབྱེ་བ་	དབྱེ་བ་	VERB
བྱ་	བྱ་	VERB
ལ་	ལ་	PART
།		PUNCT
ཐོག་མ་	ཐོག་མ་	NOUN
ར་	ལ་	PART
འབྲིང་	འབྲིང་	NOUN
ཙམ་	ཙམ་	DET
དུ་	ལ་	PART
སྡུག་པ་	སྡུག་པ་	VERB
དེ་	སྟེ་	PART
ཕ་མ་	ཕ་མ་	NOUN
ལ་སོགས་པ་	ལ་སོགས་པ་	NO_POS
ར་	ལ་	PART
རབ་ཏུ་	རབ་ཏུ་	NO_POS
བསྒོམ་	བསྒོམ་	VERB
མོ་	གོ་	PART
། །		PUNCT
དེ་	སྟེ་	PART
གོམས་པ་	གོམས་པ་	VERB
དང་	དང་	NO_POS
ཐ་མལ་པ་	ཐ་མལ་པ་	ADJ
ཀུན་	ཀུན་	DET
རབ་	རབ་	ADV
དང་	དང་	NO_POS
འདྲ་བ་	འདྲ་བ་	VERB
ར་	ལ་	PART
བསྒོམ་	བསྒོམ་	VERB
།		PUNCT
དེ་ནས་	དེ་ནས་	NO_POS
ཅུང་ཟད་	ཅུང་ཟད་	ADV
མི་	མི་	PART
སྡུག་པ་	སྡུག་པ་	VERB
སྡུག་པ་	སྡུག་པ་	VERB
རབ་	རབ་	ADV
དང་	དང་	NO_POS
འདྲ་བ་	འདྲ་བ་	VERB
ར་	ལ་	PART
བསྒོམ་	བསྒོམ་	VERB
།		PUNCT
དེ་	སྟེ་	PART
གོམས་པ་	གོམས་པ་	VERB
དང་	དང་	NO_POS
མི་	མི་	PART
སྡུག་པ་	སྡུག་པ་	VERB
འབྲིང་	འབྲིང་	NOUN
སྡུག་པ་	སྡུག་པ་	VERB
རབ་	རབ་	ADV
དང་	དང་	NO_POS
འདྲ་བ་	འདྲ་བ་	VERB
ར་	ལ་	PART
བསྒོམ་	བསྒོམ་	VERB
"།
།"		PUNCT
དེ་ནས་	དེ་ནས་	NO_POS
ཤིན་ཏུ་	ཤིན་ཏུ་	NO_POS
མི་	མི་	PART
སྡུག་པ་	སྡུག་པ་	VERB
ལ་	ལ་	PART
ཡང་	ཀྱང་	PART
ཕ་མ་	ཕ་མ་	NOUN
དང་	དང་	NO_POS
འདྲ་བ་	འདྲ་བ་	VERB
ར་	ལ་	PART
བྱ་	བྱ་	VERB
སྟེ་	སྟེ་	PART
།		PUNCT
དེ་ལྟ་	དེ་ལྟ་	NO_POS
གོམས་པ་	གོམས་པ་	VERB
འི་	གི་	PART
དམིགས་པ་	དམིགས་པ་	VERB
ཡང་	ཀྱང་	PART
སེམས་ཅན་	སེམས་ཅན་	NOUN
ཐམས་ཅད་	ཐམས་ཅད་	DET
ཐོག་མ་	ཐོག་མ་	NOUN
མེད་པ་	མེད་པ་	VERB
འི་	གི་	PART
དུས་	དུས་	NOUN
ན་	ནས་	PART
ཕ་མ་	ཕ་མ་	NOUN
ལ་སོགས་པ་	ལ་སོགས་པ་	NO_POS
གཉེན་	གཉེན་	NOUN
དུ་མ་	དུ་མ་	ADJ
གྱུར་པ་	གྱུར་པ་	VERB
མེད་པ་	མེད་པ་	VERB
དང་	དང་	NO_POS
།		PUNCT
དེ་ལྟ་	དེ་ལྟ་	NO_POS
སྒོམ་པ་	སྒོམ་པ་	VERB
ཡང་ཐོག་	ཡང་ཐོག་	NOUN
མ་	མ་	NOUN
ཡང་	ཀྱང་	PART
ཁྱིམ་	ཁྱིམ་	NOUN
གང་	གང་	NO_POS
གི་	གི་	PART
མི་	མི་	PART
ཙམ་	ཙམ་	DET
ལ་	ལ་	PART
བསྒོམས་པ་	བསྒོམས་པ་	VERB
ན་	ནས་	PART
རིམ་གྱིས་	རིམ་གྱིས་	NO_POS
ཏེ་	སྟེ་	PART
།		PUNCT
དེ་ནས་	དེ་ནས་	NO_POS
ནི་	ནི་	NO_POS
མཐའ་ཡས་པ་	མཐའ་ཡས་པ་	ADJ
ར་	ལ་	PART
བསྒོམ་	བསྒོམ་	VERB
མོ་	གོ་	PART
ཞེ་	ཅེས་	PART
བྱ་བ་	བྱ་བ་	VERB
འི་	གི་	PART
དོན་	དོན་	NOUN
བསྟན་	བསྟན་	VERB
ཏོ་	གོ་	PART
། །		PUNCT
དེ་	སྟེ་	PART
ལ་	ལ་	PART
སྙིང་རྗེ་	སྙིང་རྗེ་	NOUN
ནི་	ནི་	NO_POS
སྡུག་བསྔལ་བ་	སྡུག་བསྔལ་བ་	NOUN
འི་	གི་	PART
སེམས་ཅན་	སེམས་ཅན་	NOUN
ལ་	ལ་	PART
དམིགས་པ་	དམིགས་པ་	VERB
འི་	གི་	PART
སྙིང་རྗེ་	སྙིང་རྗེ་	NOUN
ནི་	ནི་	NO_POS
སྡུག་བསྔལ་	སྡུག་བསྔལ་	NOUN
གྱི་	གི་	PART
སྡུག་བསྔལ་	སྡུག་བསྔལ་	NOUN
ལ་སོགས་	ལ་སོགས་	NO_POS
གསུམ་	གསུམ་	NUM
མམ་	གམ་	PART
།		PUNCT
སྐྱེ་པ་	སྐྱེ་པ་	NOUN
ལ་སོགས་པ་	ལ་སོགས་པ་	NO_POS
བརྒྱད་	བརྒྱད་	NUM
ཀྱིས་	གིས་	PART
སྡུག་བསྔལ་བ་	སྡུག་བསྔལ་བ་	NOUN
འི་	གི་	PART
སེམས་ཅན་	སེམས་ཅན་	NOUN
དེ་དག་	དེ་དག་	OTHER
ཀུན་	ཀུན་	DET
གྱི་	གི་	PART
སྡུག་བསྔལ་	སྡུག་བསྔལ་	NOUN
སྙིང་རྗེ་	སྙིང་རྗེ་	NOUN
ས་	གིས་	PART
སེལ་	སེལ་	VERB
ཞེ་	ཅེས་	PART
བྱ་བ་	བྱ་བ་	VERB
འི་	གི་	PART
ཐ་ཚིག་	ཐ་ཚིག་	NOUN
གོ་	གོ་	PART
།		PUNCT
ཉེས་པ་	ཉེས་པ་	VERB
བྱེད་པ་	བྱེད་པ་	VERB
འི་	གི་	PART
སེམས་ཅན་	སེམས་ཅན་	NOUN
ལ་	ལ་	PART
དམིགས་པ་	དམིགས་པ་	VERB
འི་	གི་	PART
སྙིང་རྗེ་	སྙིང་རྗེ་	NOUN
ནི་	ནི་	NO_POS
གོང་	གོང་	NOUN
གི་	གི་	PART
སྡུག་བསྔལ་	སྡུག་བསྔལ་	NOUN
དེ་དག་	དེ་དག་	OTHER
རྩ་བ་	རྩ་བ་	NOUN
འམ་	གམ་	PART
།		PUNCT
རྒྱུ་	རྒྱུ་	NOUN
མི་དགེ་བ་	མི་དགེ་བ་	NO_POS
ལ་	ལ་	PART
སྤྱོད་པ་	སྤྱོད་པ་	VERB
འི་	གི་	PART
སེམས་ཅན་	སེམས་ཅན་	NOUN
དེ་དག་	དེ་དག་	OTHER
གི་	གི་	PART
མི་དགེ་བ་	མི་དགེ་བ་	NO_POS
ཀུན་	ཀུན་	DET
སྙིང་རྗེ་	སྙིང་རྗེ་	NOUN
ས་	གིས་	PART
སེལ་	སེལ་	VERB
ཞེ་	ཅེས་	PART
བྱ་བ་	བྱ་བ་	VERB
འི་	གི་	PART
དོན་	དོན་	NOUN
ཏོ་	གོ་	PART
"།
།"		PUNCT
རྐྱེན་	རྐྱེན་	NOUN
དང་	དང་	NO_POS
མི་	མི་	PART
ལྡན་པ་	ལྡན་པ་	VERB
ས་	གིས་	PART
རྣམ་པ་	རྣམ་པ་	NOUN
ར་	ལ་	PART
མ་	མ་	PART
གྲོལ་བ་	གྲོལ་བ་	VERB
འི་	གི་	PART
སེམས་ཅན་	སེམས་ཅན་	NOUN
ལ་	ལ་	PART
དམིགས་པ་	དམིགས་པ་	VERB
འི་	གི་	PART
སྙིང་རྗེ་	སྙིང་རྗེ་	NOUN
ནི་	ནི་	NO_POS
སེམས་ཅན་	སེམས་ཅན་	NOUN
དགེ་བ་	དགེ་བ་	VERB
འི་	གི་	PART
བཤེས་གཉེན་	བཤེས་གཉེན་	NOUN
དང་	དང་	NO_POS
མི་	མི་	PART
ལྡན་པ་	ལྡན་པ་	VERB
ས་	གིས་	PART
ཆོས་མ་	ཆོས་མ་	NO_POS
ཐོས་པ་	ཐོས་པ་	VERB
སྟེ་	སྟེ་	PART
།		PUNCT
དེ་ཡང་	དེ་ཡང་	ADV
རྒྱུད་	རྒྱུད་	NOUN
ལ་	ལ་	ADP
ས་	གིས་	PART
།		PUNCT
དགེ་བཤེས་	དགེ་བཤེས་	NOUN
མ་	མ་	PART
བསྟེན་	བསྟེན་	VERB
ཆོས་མ་	ཆོས་མ་	NO_POS
མཉན་	མཉན་	VERB
བྱ་བ་	བྱ་བ་	VERB
དང་	དང་	NO_POS
།		PUNCT
མ་	མ་	PART
གྲོལ་བ་	གྲོལ་བ་	VERB
འི་	གི་	PART
སེམས་ཅན་	སེམས་ཅན་	NOUN
སྙིང་རྗེ་	སྙིང་རྗེ་	NOUN
ས་	གིས་	PART
གྲོལ་བ་	གྲོལ་བ་	VERB
ར་	ལ་	PART
བྱེད་	བྱེད་	VERB
ཅེས་བྱ་བ་	ཅེས་བྱ་བ་	NO_POS
འི་	གི་	PART
དོན་	དོན་	NOUN
ཏོ་	གོ་	PART
"།
།"		PUNCT
དེ་	སྟེ་	PART
ལ་	ལ་	PART
དགའ་བ་	དགའ་བ་	VERB
ནི་	ནི་	NO_POS
དེ་	སྟེ་	PART
ལ་	ལ་	PART
སེམས་ཅན་	སེམས་ཅན་	NOUN
དག་	དག་	DET
ཟང་ཟིང་	ཟང་ཟིང་	NOUN
གི་	གི་	PART
འབྱོར་བ་	འབྱོར་བ་	VERB
དང་	དང་	NO_POS
།		PUNCT
ཆོ་	ཆོ་	NOUN
ཀྱི་	གི་	PART
འབྱོར་བ་	འབྱོར་བ་	VERB
དང་	དང་	NO_POS
།		PUNCT
བདེ་བ་	བདེ་བ་	VERB
འི་	གི་	PART
འབྱོར་བ་	འབྱོར་བ་	VERB
དང་	དང་	NO_POS
ལྡན་པ་	ལྡན་པ་	VERB
ས་	གིས་	PART
དགའ་བ་	དགའ་བ་	VERB
འོ་	གོ་	PART
། །		PUNCT
བདག་	བདག་	PRON
གི་	གི་	PART
ཚོགས་	ཚོགས་	NOUN
ཡོངས་སུ་	ཡོངས་སུ་	NO_POS
རྫོགས་པ་	རྫོགས་པ་	VERB
ལ་	ལ་	PART
དམིགས་པ་	དམིགས་པ་	VERB
འི་	གི་	PART
དགའ་བ་	དགའ་བ་	VERB
ནི་	ནི་	NO_POS
བདག་ཉིད་	བདག་ཉིད་	NOUN
དགེ་བ་	དགེ་བ་	VERB
འི་	གི་	PART
ཚོགས་	ཚོགས་	NOUN
ཆེ་བ་	ཆེ་བ་	VERB
ལ་	ལ་	PART
དམིགས་	དམིགས་	VERB
ན་	ནས་	PART
དགའ་བ་	དགའ་བ་	VERB
འི་	གི་	PART
དོན་	དོན་	NOUN
ཏོ་	གོ་	PART
"།
།"		PUNCT
དམ་པ་	དམ་པ་	VERB
འི་	གི་	PART
ཆོ་	ཆོ་	NOUN
ཀྱི་	གི་	PART
རོ་	རོ་	NOUN
ལ་	ལ་	PART
དམིགས་པ་	དམིགས་པ་	VERB
འི་	གི་	PART
དགའ་བ་	དགའ་བ་	VERB
ནི་	ནི་	NO_POS
བདག་	བདག་	PRON
དང་	དང་	NO_POS
གཞན་	གཞན་	DET
ཆོ་	ཆོ་	NOUN
ཐོས་པ་	ཐོས་པ་	VERB
འི་	གི་	PART
རོ་	རོ་	NOUN
དང་	དང་	NO_POS
།		PUNCT
བསམ་པ་	བསམ་པ་	VERB
དང་	དང་	NO_POS
བསྒོམ་པ་	བསྒོམ་པ་	VERB
འི་	གི་	PART
རོ་	རོ་	NOUN
རྙེད་པ་	རྙེད་པ་	VERB
འི་	གི་	PART
སྒོ་	སྒོ་	NOUN
ན་	ནས་	PART
དགའ་བ་	དགའ་བ་	VERB
འི་	གི་	PART
དོན་	དོན་	NOUN
ཏོ་	གོ་	PART
"།
།"		PUNCT
དེ་	སྟེ་	PART
ལ་	ལ་	PART
བཏང་སྙོམས་	བཏང་སྙོམས་	NOUN
ནི་	ནི་	NO_POS
སེམས་ཅན་	སེམས་ཅན་	NOUN
གྱི་	གི་	PART
དོན་	དོན་	NOUN
ལ་	ལ་	PART
སྤྱོད་པ་	སྤྱོད་པ་	VERB
དག་	དག་	DET
ནི་	ནི་	NO_POS
སྐལ་བ་	སྐལ་བ་	NOUN
ཡོད་པ་	ཡོད་པ་	VERB
དང་	དང་	NO_POS
སྐལ་བ་	སྐལ་བ་	NOUN
མེད་པ་	མེད་པ་	VERB
འི་	གི་	PART
བཏང་སྙོམས་	བཏང་སྙོམས་	NOUN
ནི་	ནི་	NO_POS
།		PUNCT
སྐལ་བ་	སྐལ་བ་	NOUN
དང་	དང་	NO_POS
ལྡན་པ་	ལྡན་པ་	VERB
འི་	གི་	PART
དོན་	དོན་	NOUN
ནི་	ནི་	NO_POS
བྱ་	བྱ་	VERB
།		PUNCT
སྐལ་པ་	སྐལ་པ་	NOUN
དང་	དང་	NO_POS
མི་	མི་	PART
ལྡན་པ་	ལྡན་པ་	VERB
འི་	གི་	PART
དོན་	དོན་	NOUN
ནི་	ནི་	NO_POS
མི་	མི་	PART
བྱ་	བྱ་	VERB
ཞེ་	ཅེས་	PART
དེ་ལྟ་	དེ་ལྟ་	NO_POS
འབྱེད་པ་	འབྱེད་པ་	VERB
མེད་པ་	མེད་པ་	VERB
ར་	ལ་	PART
གཉིས་ཀ་	གཉིས་ཀ་	OTHER
འི་	གི་	PART
དོན་	དོན་	NOUN
སྙོམས་པ་		
བྱ་	བྱ་	VERB
ཞེ་	ཅེས་	PART
བྱ་བ་	བྱ་བ་	VERB
འི་	གི་	PART
ཐ་ཚིག་	ཐ་ཚིག་	NOUN
གོ་	གོ་	PART
།		PUNCT
འཇིག་རྟེན་	འཇིག་རྟེན་	NOUN
གྱི་	གི་	PART
ཆོ་	ཆོ་	NOUN
བརྒྱད་པོ་	བརྒྱད་པོ་	NUM
རྙེད་པ་	རྙེད་པ་	VERB
དང་	དང་	NO_POS
མ་	མ་	PART
རྙེད་པ་	རྙེད་པ་	VERB
ལ་སོགས་པ་	ལ་སོགས་པ་	NO_POS
འི་	གི་	PART
སྒྲ་	སྒྲ་	NOUN
ས་	གིས་	PART
བསྡུས་པ་	བསྡུས་པ་	VERB
འདི་ལྟ་སྟེ་	འདི་ལྟ་སྟེ་	NO_POS
།		PUNCT
བདེ་བ་	བདེ་བ་	VERB
དང་	དང་	NO_POS
།		PUNCT
སྡུག་བསྔལ་བ་	སྡུག་བསྔལ་བ་	NOUN
དང་	དང་	NO_POS
།		PUNCT
བསྟོད་པ་	བསྟོད་པ་	VERB
དང་	དང་	NO_POS
།		PUNCT
སྨད་པ་	སྨད་པ་	VERB
དང་	དང་	NO_POS
།		PUNCT
གྲགས་པ་	གྲགས་པ་	VERB
དང་	དང་	NO_POS
།		PUNCT
མ་	མ་	PART
གྲགས་པ་	གྲགས་པ་	VERB
ལ་	ལ་	PART
དགའ་བ་	དགའ་བ་	VERB
དང་	དང་	NO_POS
མི་	མི་	PART
དགའ་	དགའ་	VERB
མེད་པ་	མེད་པ་	VERB
ར་	ལ་	PART
བཏང་སྙོམས་	བཏང་སྙོམས་	NOUN
སུ་	ལ་	PART
གནས་པ་	གནས་པ་	VERB
སྟེ་	སྟེ་	PART
།		PUNCT
དེ་	སྟེ་	PART
ལ་	ལ་	PART
འཇིག་རྟེན་	འཇིག་རྟེན་	NOUN
གྱི་	གི་	PART
ཆོ་	ཆོ་	NOUN
བརྒྱད་	བརྒྱད་	NUM
ནི་	ནི་	NO_POS
རྙེད་པ་	རྙེད་པ་	VERB
དང་	དང་	NO_POS
མ་	མ་	PART
རྙེད་པ་	རྙེད་པ་	VERB
ལ་སོགས་པ་	ལ་སོགས་པ་	NO_POS
ལ་	ལ་	PART
བྱ་	བྱ་	VERB
སྟེ་	སྟེ་	PART
།		PUNCT
ཆོ་	ཆོ་	NOUN
བརྒྱད་པོ་	བརྒྱད་པོ་	NUM
དེ་དག་	དེ་དག་	OTHER
འཇིག་རྟེན་	འཇིག་རྟེན་	NOUN
ན་	ལ་	PART
གྲག་	གྲག་	VERB
ཤིང་	ཅིང་	PART
ཡོད་པ་	ཡོད་པ་	VERB
འི་	གི་	PART
ཕྱི་	ཕྱི་	OTHER
འཇིག་རྟེན་	འཇིག་རྟེན་	NOUN
གྱི་	གི་	PART
ཆོ་	ཆོ་	NOUN
བརྒྱད་	བརྒྱད་	NUM
དོ་	གོ་	PART
"།
།"		PUNCT
ཆོ་	ཆོ་	NOUN
བརྒྱད་པོ་	བརྒྱད་པོ་	NUM
དེ་དག་	དེ་དག་	OTHER
ལ་	ལ་	PART
ཇི་ལྟ་		
བཏང་སྙོམས་	བཏང་སྙོམས་	NOUN
སུ་	ལ་	PART
གནས་	གནས་	NOUN
ཤེ་ན་	ཅེ་ན་	PART
།		PUNCT
འདི་ལྟར་	འདི་ལྟར་	NO_POS
བདག་	བདག་	PRON
གིས་	གིས་	PART
ལོངས་སྤྱོད་	ལོངས་སྤྱོད་	NOUN
ཕུན་སུམ་	ཕུན་སུམ་	OTHER
ཚོགས་པ་	ཚོགས་པ་	VERB
རྙེད་པ་	རྙེད་པ་	VERB
ན་	ལ་	PART
དེ་	སྟེ་	PART
ལ་	ལ་	PART
དགའ་བ་	དགའ་བ་	VERB
སྟེ་	སྟེ་	PART
ཆགས་པ་	ཆགས་པ་	VERB
ཡང་	ཀྱང་	PART
མེད་	མེད་	VERB
ལ་	ལ་	PART
།		PUNCT
ལོངས་སྤྱོད་	ལོངས་སྤྱོད་	NOUN
འགྲིབས་	འགྲིབས་	NO_POS
སམ་	གམ་	PART
མ་	མ་	PART
རྙེད་	རྙེད་	VERB
ན་	ལ་	PART
ཡང་	ཀྱང་	PART
དེ་	དེ་	DET
འི་	གི་	PART
ཡིད་	ཡིད་	NOUN
ཆད་པ་	ཆད་པ་	VERB
མེད་	མེད་	VERB
ཅིང་	ཅིང་	PART
མི་	མི་	PART
དགའ་བ་	དགའ་བ་	VERB
མེད་པ་	མེད་པ་	VERB
ནི་	ནི་	NO_POS
རྙེད་	རྙེད་	VERB
མ་	མ་	PART
རྙེད་	རྙེད་	VERB
ལ་	ལ་	PART
དགའ་	དགའ་	VERB
མི་	མི་	PART
དགའ་	དགའ་	VERB
མེད་པ་	མེད་པ་	VERB
འི་	གི་	PART
བཏང་སྙོམས་	བཏང་སྙོམས་	NOUN
ཞེ་	ཅེས་	PART
བྱ་	བྱ་	VERB
འོ་	གོ་	PART
"།
།"		PUNCT
བདག་	བདག་	PRON
གི་	གི་	PART
མཛའ་བོ་	མཛའ་བོ་	NOUN
བྱམས་པ་	བྱམས་པ་	PROPN
ཞིག་	ཅིག་	PART
གིས་	གིས་	PART
བདག་	བདག་	PRON
གི་	གི་	PART
ལུས་	ལུས་	NOUN
ལ་	ལ་	PART
སྤོ་	སྤོ་	NOUN
དང་	དང་	NO_POS
ཙནྡན་	ཙནྡན་	NOUN
ལ་སོགས་པ་	ལ་སོགས་པ་	NO_POS
འི་	གི་	PART
བྱུག་པ་	བྱུག་པ་	NOUN
ས་	གིས་	PART
ཉུག་	ཉུག་	NO_POS
ཅིང་	ཅིང་	PART
བསྙེན་བཀུར་	བསྙེན་བཀུར་	NOUN
དང་	དང་	NO_POS
བསྟི་སྟང་	བསྟི་སྟང་	NOUN
བྱེད་	བྱེད་	VERB
ན་	ལ་	PART
བཀུར་སྟི་	བཀུར་སྟི་	NOUN
འི་	གི་	PART
བདེ་བ་	བདེ་བ་	VERB
ལ་	ལ་	PART
དགའ་	དགའ་	VERB
ཞིང་	ཅིང་	PART
ཆགས་པ་	ཆགས་པ་	VERB
ཡང་	ཀྱང་	PART
མེད་	མེད་	VERB
ལ་	ལ་	PART
།		PUNCT
དགྲ་བོ་	དགྲ་བོ་	NOUN
ཞིག་	ཅིག་	PART
གིས་	གིས་	PART
བདག་	བདག་	PRON
གིས་	གིས་	PART
ལུས་	ལུས་	NOUN
ལ་	ལ་	PART
བརྡེག་	བརྡེག་	VERB
བརྡུང་	བརྡུང་	NO_POS
ལ་སོགས་པ་	ལ་སོགས་པ་	NO_POS
བྱེད་	བྱེད་	VERB
ན་	ལ་	PART
ཡང་	ཀྱང་	PART
དེ་	སྟེ་	PART
ལ་	ལ་	ADP
འང་	ཀྱང་	PART
མི་	མི་	PART
ཁྲོ་	ཁྲོ་	VERB
ཞིང་	ཅིང་	PART
བརྡེག་	བརྡེག་	VERB
བརྡུང་	བརྡུང་	NO_POS
གི་	གི་	PART
སྡུག་བསྔལ་	སྡུག་བསྔལ་	NOUN
དང་	དང་	NO_POS
དུ་	ལ་	PART
བླང་བ་	བླང་བ་	VERB
དང་	དང་	NO_POS
།		PUNCT
སྡུག་	སྡུག་	VERB
གོ་མི་	གོ་མི་	PART
སྙམ་	སྙམ་	VERB
སྟེ་	སྟེ་	PART
།		PUNCT
བདེ་སྡུག་	བདེ་སྡུག་	OTHER
ལ་	ལ་	PART
དགའ་	དགའ་	VERB
མི་	མི་	PART
དགའ་	དགའ་	VERB
མེད་པ་	མེད་པ་	VERB
འི་	གི་	PART
བཏང་སྙོམས་	བཏང་སྙོམས་	NOUN
ཞེ་	ཅེས་	PART
བྱ་	བྱ་	VERB
འོ་	གོ་	PART
"།
།"		PUNCT
བདག་	བདག་	PRON
གི་	གི་	PART
མཛའ་བོ་	མཛའ་བོ་	NOUN
ཞིག་	ཅིག་	PART
གིས་	གིས་	PART
བདག་	བདག་	PRON
གིས་	གིས་	PART
རིགས་	རིགས་	NOUN
ལ་	ལ་	ADP
ས་	གིས་	PART
གླེངས་	གླེངས་	VERB
ཏེ་	སྟེ་	PART
སྙན་པ་	སྙན་པ་	VERB
འི་	གི་	PART
ཚིག་	ཚིག་	NOUN
གིས་	གིས་	PART
བསྟོད་	བསྟོད་	VERB
ན་	ལ་	PART
དེ་	སྟེ་	PART
ལ་	ལ་	PART
དགའ་	དགའ་	VERB
ཞིང་	ཅིང་	PART
གཟེངས་	གཟེངས་	VERB
མཐོ་བ་	མཐོ་བ་	VERB
ར་	ལ་	PART
འགྱུར་བ་	འགྱུར་བ་	VERB
ཡང་	ཀྱང་	PART
མེད་	མེད་	VERB
ལ་	ལ་	PART
།		PUNCT
དགྲ་བོ་	དགྲ་བོ་	NOUN
ཞིག་	ཅིག་	PART
གིས་	གིས་	PART
བདག་	བདག་	PRON
གི་	གི་	PART
སྐྱོན་བྲུས་	སྐྱོན་བྲུས་	NO_POS
ཤིང་	ཅིང་	PART
བསྒྲགས་	བསྒྲགས་	NO_POS
ན་	ལ་	PART
ཡང་	ཀྱང་	PART
དེ་	སྟེ་	PART
ལ་	ལ་	PART
ཡང་	ཀྱང་	PART
མི་	མི་	PART
དགའ་	དགའ་	VERB
ཞིང་	ཅིང་	PART
དཔའ་ཞུམ་པ་	དཔའ་ཞུམ་པ་	NO_POS
མེད་པ་	མེད་པ་	VERB
ནི་	ནི་	NO_POS
བསྟོད་པ་	བསྟོད་པ་	VERB
དང་	དང་	NO_POS
སྨད་པ་	སྨད་པ་	VERB
ལ་	ལ་	PART
དགའ་བ་	དགའ་བ་	VERB
དང་	དང་	NO_POS
།		PUNCT
མི་	མི་	PART
དགའ་བ་	དགའ་བ་	VERB
མེད་པ་	མེད་པ་	VERB
འི་	གི་	PART
བཏང་སྙོམས་	བཏང་སྙོམས་	NOUN
ཞེ་	ཅེས་	PART
བྱ་	བྱ་	VERB
འོ་	གོ་	PART
། །		PUNCT
བདག་	བདག་	PRON
གི་	གི་	PART
ཡོན་ཏན་	ཡོན་ཏན་	NOUN
ཡོད་པ་	ཡོད་པ་	VERB
སྐྱེ་བོ་	སྐྱེ་བོ་	NOUN
མང་པོ་	མང་པོ་	ADJ
ས་	གིས་	PART
ཐོ་	ཐོ་	VERB
ཤིང་	ཅིང་	PART
ཤེས་པ་	ཤེས་པ་	VERB
ར་	ལ་	PART
གྱུར་པ་	གྱུར་པ་	VERB
ན་	ལ་	PART
འདི་	འདི་	DET
སྙམ་	སྙམ་	VERB
དུ་	ལ་	PART
བདག་	བདག་	PRON
ནི་	ནི་	NO_POS
ཡོན་ཏན་	ཡོན་ཏན་	NOUN
ཅན་	ཅན་	PART
དུ་	ལ་	PART
སྐྱེ་བོ་	སྐྱེ་བོ་	NOUN
མང་པོ་	མང་པོ་	ADJ
ས་	གིས་	PART
ཤེས་པ་	ཤེས་པ་	VERB
ས་	གིས་	PART
བདག་	བདག་	PRON
གི་	གི་	PART
ཡོན་ཏན་	ཡོན་ཏན་	NOUN
གྲག་	གྲག་	VERB
ཏེ་	སྟེ་	PART
མ་	མ་	PART
སུབས་	སུབས་	VERB
སོ་	གོ་	PART
ཞེ་	ཅེས་	PART
ཡོན་ཏན་	ཡོན་ཏན་	NOUN
གྲགས་པ་	གྲགས་པ་	VERB
ལ་	ལ་	PART
དགའ་བ་	དགའ་བ་	VERB
ཡང་	ཀྱང་	PART
མེད་	མེད་	VERB
ལ་	ལ་	PART
།		PUNCT
བདག་	བདག་	PRON
གི་	གི་	PART
ཡོན་ཏན་	ཡོན་ཏན་	NOUN
སྐྱེ་བོ་	སྐྱེ་བོ་	NOUN
མང་པོ་	མང་པོ་	ADJ
ས་	གིས་	PART
མ་	མ་	PART
ཐོ་	ཐོ་	VERB
ཤིང་	ཅིང་	PART
མ་	མ་	PART
ཤེ་	ཤེ་	VERB
ན་	ལ་	PART
ཡང་	ཀྱང་	PART
བདག་	བདག་	PRON
གི་	གི་	PART
ཡོན་ཏན་	ཡོན་ཏན་	NOUN
མ་	མ་	PART
གྲག་	གྲག་	VERB
ཏེ་	སྟེ་	PART
།		PUNCT
ནུབ་བོ་	ནུབ་བོ་	ADV
ཞེ་	ཅེས་	PART
མི་	མི་	PART
དགའ་བ་	དགའ་བ་	VERB
མེད་པ་	མེད་པ་	VERB
ནི་	ནི་	NO_POS
ཡོན་ཏན་	ཡོན་ཏན་	NOUN
གྲགས་པ་	གྲགས་པ་	VERB
དང་	དང་	NO_POS
མ་	མ་	PART
གྲགས་པ་	གྲགས་པ་	VERB
ལ་	ལ་	PART
དགའ་བ་	དགའ་བ་	VERB
དང་	དང་	NO_POS
མི་	མི་	PART
དགའ་བ་	དགའ་བ་	VERB
མེད་པ་	མེད་པ་	VERB
འི་	གི་	PART
བཏང་སྙོམས་	བཏང་སྙོམས་	NOUN
ཞེ་	ཅེས་	PART
བྱ་བ་	བྱ་བ་	VERB
འི་	གི་	PART
དོན་	དོན་	NOUN
ཏོ་	གོ་	PART
།།		PUNCT
ཚོགས་	ཚོགས་	NOUN
ཞེ་	ཅེས་	PART
བྱ་བ་	བྱ་བ་	VERB
ནི་	ནི་	NO_POS
གོང་	གོང་	NOUN
གི་	གི་	PART
ཚིག་	ཚིག་	NOUN
སྟེ་	སྟེ་	PART
།		PUNCT
ཚོགས་	ཚོགས་	NOUN
ཡོངས་སུ་	ཡོངས་སུ་	NO_POS
བསྐང་བ་	བསྐང་བ་	VERB
ལ་དུ་	ལ་དུ་	NOUN
ས་	གིས་	PART
དང་	དང་	NO_POS
དུས་	དུས་	NOUN
མ་ཡིན་པ་	མ་ཡིན་པ་	OTHER
ལ་	ལ་	PART
དམིགས་པ་	དམིགས་པ་	VERB
འི་	གི་	PART
བཏང་སྙོམས་	བཏང་སྙོམས་	NOUN
ནི་	ནི་	NO_POS
བདག་ཉིད་	བདག་ཉིད་	NOUN
དགེ་བ་	དགེ་བ་	VERB
འི་	གི་	PART
ཚོགས་	ཚོགས་	NOUN
བསྐང་	བསྐང་	NO_POS
ཞིང་	ཅིང་	PART
སྤྱད་པ་	སྤྱད་པ་	VERB
ལ་དུ་	ལ་དུ་	NOUN
ས་	གིས་	PART
འདི་	འདི་	DET
ར་	ལ་	PART
ནི་	ནི་	NO_POS
བྱ་	བྱ་	VERB
།		PUNCT
དུས་	དུས་	NOUN
འདི་	འདི་	DET
ར་	ལ་	PART
ནི་	ནི་	NO_POS
མི་	མི་	PART
བྱ་	བྱ་	VERB
ཞེ་	ཅེས་	PART
འབྱེད་པ་	འབྱེད་པ་	VERB
མེད་པ་	མེད་པ་	VERB
ར་	ལ་	PART
དུས་	དུས་	NOUN
ཀུན་	ཀུན་	DET
ཏུ་	ལ་	PART
སྤྱོད་པ་	སྤྱོད་པ་	VERB
ར་	ལ་	PART
བྱེད་པ་	བྱེད་པ་	VERB
འོ་	གོ་	PART
"།
།"		PUNCT
ཚད་	ཚད་	NOUN
མེད་	མེད་	VERB
བཞི་པོ་	བཞི་པོ་	NUM
དག་	དག་	DET
ནི་	ནི་	NO_POS
ཚངས་པ་	ཚངས་པ་	PROPN
འི་	གི་	PART
གནས་	གནས་	NOUN
། །		PUNCT
བསྒོམ་པ་	བསྒོམ་པ་	VERB
འི་	གི་	PART
ཀུན་	ཀུན་	DET
གྱི་	གི་	PART
དོན་	དོན་	NOUN
དུ་	ལ་	PART
བདག་	བདག་	PRON
གིས་	གིས་	PART
འདི་	འདི་	DET
། །		PUNCT
སེམས་ཅན་	སེམས་ཅན་	NOUN
དོན་	དོན་	NOUN
དུ་	ལ་	PART
བྱ་	བྱ་	VERB
ཤིང་	ཅིང་	PART
བསྡེབས་པ་	བསྡེབས་པ་	VERB
དེ་	དེ་	DET
ས་	གིས་	PART
"།
།"		PUNCT
འགྲོ་	འགྲོ་	VERB
ཀུན་	ཀུན་	DET
སྒྲིབ་	སྒྲིབ་	NOUN
བྲལ་	བྲལ་	VERB
མྱུར་	མྱུར་	VERB
དུ་	ལ་	PART
སངས་རྒྱས་	སངས་རྒྱས་	NOUN
ཤོག་	ཤོག་	VERB
།		PUNCT
ཚད་	ཚད་	NOUN
མེད་པ་	མེད་པ་	VERB
བཞི་	བཞི་	NUM
འི་	གི་	PART
རྒྱ་	རྒྱ་	NOUN
ཆེ་	ཆེ་	VERB
ར་	ལ་	PART
འགྲེལ་པ་	འགྲེལ་པ་	NOUN
སློབ་དཔོན་	སློབ་དཔོན་	NOUN
བུདྡྷ་		NON_WORD
གུཔྟས་		NON_WORD
མཛད་པ་	མཛད་པ་	VERB
རྫོགས་	རྫོགས་	VERB
སོ་	གོ་	PART
"།།
།།"		PUNCT
